Div,Date,Time,HomeTeam,AwayTeam,FTHG,FTAG,FTR,HTHG,HTAG,HTR,B365H,B365D,B365A,BWH,BWD,BWA,IWH,IWD,IWA,PSH,PSD,PSA,WHH,WHD,WHA,VCH,VCD,VCA,MaxH,MaxD,MaxA,AvgH,AvgD,AvgA,B365>2.5,B365<2.5,P>2.5,P<2.5,Max>2.5,Max<2.5,Avg>2.5,Avg<2.5,AHh,B365AHH,B365AHA,PAHH,PAHA,MaxAHH,MaxAHA,AvgAHH,AvgAHA,B365CH,B365CD,B365CA,BWCH,BWCD,BWCA,IWCH,IWCD,IWCA,PSCH,PSCD,PSCA,WHCH,WHCD,WHCA,VCCH,VCCD,VCCA,MaxCH,MaxCD,MaxCA,AvgCH,AvgCD,AvgCA,B365C>2.5,B365C<2.5,PC>2.5,PC<2.5,MaxC>2.5,MaxC<2.5,AvgC>2.5,AvgC<2.5,AHCh,B365CAHH,B365CAHA,PCAHH,PCAHA,MaxCAHH,MaxCAHA,AvgCAHH,AvgCAHA
D1,2021-01-02,14:30:00,Bielefeld,M'gladbach,,,,,,,5.75,4.33,1.53,5.25,4.1,1.62,6.25,4.2,1.53,5.95,4.25,1.61,5.8,4.0,1.57,5.5,4.2,1.57,6.25,4.44,1.63,5.62,4.17,1.59,1.72,2.1,1.76,2.18,1.78,2.28,1.69,2.17,1.0,1.9,2.0,1.9,2.02,1.94,2.06,1.87,1.98,,,,,,,,,,,,,,,,,,,,,,,,,,,,,,,,,,,,,,,,,
D1,2021-01-02,14:30:00,Ein Frankfurt,Leverkusen,,,,,,,3.2,3.6,2.1,3.3,3.9,2.05,3.2,3.55,2.1,3.39,3.88,2.13,3.25,3.75,2.05,3.2,3.9,2.05,3.41,4.08,2.2,3.26,3.79,2.09,1.53,2.5,1.53,2.65,1.57,2.67,1.51,2.52,0.25,2.06,1.84,2.07,1.86,2.11,1.9,2.03,1.83,,,,,,,,,,,,,,,,,,,,,,,,,,,,,,,,,,,,,,,,,
D1,2021-01-02,14:30:00,FC Koln,Augsburg,,,,,,,2.35,3.4,3.0,2.35,3.3,3.1,2.4,3.05,3.1,2.43,3.36,3.2,2.35,3.25,3.1,2.3,3.4,3.0,2.43,3.5,3.3,2.35,3.29,3.14,2.0,1.8,2.11,1.8,2.12,1.85,2.03,1.78,-0.25,2.04,1.86,2.08,1.86,2.08,1.89,2.01,1.85,,,,,,,,,,,,,,,,,,,,,,,,,,,,,,,,,,,,,,,,,
D1,2021-01-02,14:30:00,Hoffenheim,Freiburg,,,,,,,2.0,3.8,3.3,2.05,3.6,3.5,2.05,3.5,3.35,2.1,3.83,3.5,2.0,3.6,3.5,2.0,3.9,3.25,2.13,4.1,3.62,2.04,3.75,3.41,1.53,2.5,1.57,2.55,1.57,2.6,1.53,2.47,-0.25,1.77,2.02,1.83,2.1,1.87,2.16,1.8,2.07,,,,,,,,,,,,,,,,,,,,,,,,,,,,,,,,,,,,,,,,,
D1,2021-01-02,14:30:00,Werder Bremen,Union Berlin,,,,,,,2.9,3.3,2.37,2.85,3.3,2.5,2.9,3.1,2.5,2.97,3.4,2.56,2.88,3.2,2.5,2.88,3.3,2.45,3.01,3.47,2.61,2.9,3.29,2.51,2.0,1.8,2.01,1.89,2.05,1.9,1.97,1.83,0.0,2.09,1.81,2.12,1.83,2.14,1.87,2.06,1.8,,,,,,,,,,,,,,,,,,,,,,,,,,,,,,,,,,,,,,,,,
D1,2021-01-02,17:30:00,Hertha,Schalke 04,,,,,,,1.65,4.0,4.8,1.67,4.0,5.0,1.75,3.6,4.6,1.77,3.98,4.83,1.7,3.8,4.8,1.7,3.9,4.6,1.8,4.08,5.1,1.72,3.87,4.75,1.8,2.0,1.83,2.08,1.91,2.12,1.81,2.0,-0.75,1.96,1.94,2.0,1.93,2.0,1.99,1.93,1.92,,,,,,,,,,,,,,,,,,,,,,,,,,,,,,,,,,,,,,,,,
D1,2021-01-02,19:30:00,Stuttgart,RB Leipzig,,,,,,,3.8,4.0,1.8,3.9,4.0,1.83,3.8,3.8,1.85,4.03,4.17,1.87,4.0,3.8,1.83,3.75,4.0,1.83,4.49,4.32,1.91,3.9,4.0,1.85,1.53,2.5,1.54,2.62,1.57,2.62,1.53,2.47,0.75,1.75,2.05,1.81,2.11,1.96,2.17,1.78,2.08,,,,,,,,,,,,,,,,,,,,,,,,,,,,,,,,,,,,,,,,,
D1,2021-01-03,14:30:00,Dortmund,Wolfsburg,,,,,,,1.55,4.2,5.75,1.6,4.1,5.5,1.6,4.0,5.25,1.61,4.42,5.64,1.57,4.2,5.5,1.55,4.4,5.0,1.63,4.65,6.0,1.58,4.29,5.4,1.53,2.5,1.56,2.59,1.61,2.59,1.54,2.44,-1.0,1.99,1.91,1.99,1.93,2.02,1.99,1.95,1.89,,,,,,,,,,,,,,,,,,,,,,,,,,,,,,,,,,,,,,,,,
D1,2021-01-03,17:00:00,Bayern Munich,Mainz,,,,,,,1.12,9.0,19.0,1.12,9.5,20.0,1.12,10.0,19.0,1.11,10.66,26.31,1.1,9.0,23.0,1.08,10.5,19.0,1.13,11.0,27.34,1.11,10.17,21.74,1.22,4.33,1.22,4.53,1.24,4.67,1.21,4.22,-2.75,2.0,1.9,2.02,1.87,2.05,1.96,1.98,1.87,,,,,,,,,,,,,,,,,,,,,,,,,,,,,,,,,,,,,,,,,
D2,2021-01-02,12:00:00,Bochum,Darmstadt,,,,,,,2.05,3.5,3.4,2.15,3.4,3.4,2.2,3.35,3.25,2.22,3.4,3.53,2.2,3.3,3.2,2.1,3.6,3.1,2.25,3.6,3.53,2.17,3.37,3.27,1.65,2.2,1.7,2.24,1.72,2.33,1.66,2.19,-0.25,1.85,2.0,1.9,2.01,1.93,2.01,1.88,1.96,,,,,,,,,,,,,,,,,,,,,,,,,,,,,,,,,,,,,,,,,
D2,2021-01-02,12:00:00,Heidenheim,Nurnberg,,,,,,,2.1,3.4,3.4,2.15,3.4,3.4,2.2,3.2,3.3,2.25,3.35,3.5,2.2,3.2,3.3,2.15,3.4,3.2,2.35,3.46,3.5,2.18,3.3,3.31,1.9,1.9,1.96,1.93,1.98,2.0,1.88,1.91,-0.25,1.9,1.95,1.93,1.98,2.0,2.0,1.9,1.95,,,,,,,,,,,,,,,,,,,,,,,,,,,,,,,,,,,,,,,,,
D2,2021-01-02,12:00:00,Wurzburger Kickers,Karlsruhe,,,,,,,4.0,3.8,1.8,3.9,3.7,1.91,3.85,3.6,1.9,4.05,3.72,1.94,3.9,3.5,1.88,3.75,3.75,1.85,4.15,3.81,2.0,3.87,3.64,1.89,1.7,2.1,1.71,2.22,1.75,2.23,1.69,2.14,0.5,1.95,1.9,1.96,1.94,2.02,2.0,1.95,1.89,,,,,,,,,,,,,,,,,,,,,,,,,,,,,,,,,,,,,,,,,
D2,2021-01-03,12:30:00,Erzgebirge Aue,Braunschweig,,,,,,,1.8,3.75,4.2,1.9,3.7,4.0,1.9,3.6,3.9,1.92,3.8,4.09,1.85,3.6,4.0,1.85,3.7,3.8,1.95,3.8,4.2,1.87,3.65,3.93,1.72,2.07,1.76,2.14,1.79,2.19,1.73,2.08,-0.5,1.88,1.98,1.92,1.99,1.95,2.04,1.87,1.96,,,,,,,,,,,,,,,,,,,,,,,,,,,,,,,,,,,,,,,,,
D2,2021-01-03,12:30:00,Greuther Furth,St Pauli,,,,,,,1.75,3.8,4.33,1.78,3.9,4.4,1.77,3.7,4.3,1.79,3.91,4.65,1.78,3.6,4.33,1.75,3.8,4.1,1.83,3.95,4.69,1.76,3.74,4.36,1.65,2.2,1.63,2.38,1.68,2.38,1.63,2.25,-0.75,1.98,1.88,2.01,1.9,2.05,1.93,1.99,1.86,,,,,,,,,,,,,,,,,,,,,,,,,,,,,,,,,,,,,,,,,
D2,2021-01-03,12:30:00,Hamburg,Regensburg,,,,,,,1.55,4.2,5.5,1.57,4.0,6.0,1.6,3.85,5.75,1.63,3.96,6.1,1.57,3.8,5.8,1.57,4.0,5.25,1.65,4.25,6.25,1.59,3.91,5.6,1.65,2.2,1.64,2.36,1.69,2.36,1.63,2.24,-1.0,2.0,1.85,2.07,1.85,2.07,1.96,2.0,1.83,,,,,,,,,,,,,,,,,,,,,,,,,,,,,,,,,,,,,,,,,
D2,2021-01-03,12:30:00,Hannover,Sandhausen,,,,,,,1.72,3.75,4.5,1.75,3.8,4.6,1.8,3.6,4.3,1.81,3.78,4.7,1.75,3.6,4.5,1.75,3.8,4.1,1.85,3.87,4.76,1.78,3.65,4.35,1.8,2.0,1.85,2.04,1.87,2.06,1.81,1.98,-0.75,2.02,1.83,2.07,1.85,2.08,1.88,2.03,1.82,,,,,,,,,,,,,,,,,,,,,,,,,,,,,,,,,,,,,,,,,
D2,2021-01-03,12:30:00,Holstein Kiel,Osnabruck,,,,,,,1.75,3.5,4.75,1.78,3.6,4.75,1.77,3.65,4.4,1.79,3.82,4.8,1.78,3.5,4.5,1.75,3.75,4.2,1.84,3.87,4.92,1.77,3.63,4.51,1.8,2.0,1.85,2.04,1.89,2.05,1.83,1.96,-0.75,2.0,1.85,2.02,1.88,2.05,1.91,2.0,1.85,,,,,,,,,,,,,,,,,,,,,,,,,,,,,,,,,,,,,,,,,
D2,2021-01-04,19:30:00,Fortuna Dusseldorf,Paderborn,,,,,,,2.3,3.4,3.0,2.35,3.3,3.1,2.4,3.3,2.85,2.45,3.45,2.98,2.38,3.3,2.88,2.3,3.5,2.8,2.5,3.55,3.1,2.38,3.35,2.89,1.75,2.05,1.79,2.08,1.82,2.14,1.75,2.04,-0.25,2.05,1.8,2.11,1.8,2.12,1.85,2.07,1.78,,,,,,,,,,,,,,,,,,,,,,,,,,,,,,,,,,,,,,,,,
E0,2021-01-01,17:30:00,Everton,West Ham,,,,,,,2.1,3.5,3.5,2.15,3.5,3.3,2.15,3.35,3.45,2.19,3.52,3.55,2.15,3.4,3.5,2.1,3.4,3.6,2.22,3.58,3.81,2.15,3.44,3.5,1.9,1.9,2.02,1.89,2.05,1.93,1.96,1.86,-0.25,1.87,2.03,1.88,2.04,1.9,2.16,1.85,2.03,,,,,,,,,,,,,,,,,,,,,,,,,,,,,,,,,,,,,,,,,
E0,2021-01-01,20:00:00,Man United,Aston Villa,,,,,,,1.72,4.2,4.2,1.7,4.2,4.5,1.75,3.9,4.4,1.78,4.14,4.52,1.75,4.0,4.4,1.7,4.1,4.6,1.81,4.35,4.7,1.74,4.14,4.42,1.53,2.5,1.58,2.52,1.58,2.72,1.54,2.48,-0.75,1.96,1.94,1.99,1.93,2.07,1.99,1.95,1.93,,,,,,,,,,,,,,,,,,,,,,,,,,,,,,,,,,,,,,,,,
E0,2021-01-02,12:30:00,Tottenham,Leeds,,,,,,,1.75,4.1,4.2,1.78,3.9,4.25,1.8,3.9,3.9,1.81,4.13,4.34,1.8,3.9,4.2,1.75,4.1,4.1,1.85,4.28,4.37,1.8,4.05,4.15,1.44,2.75,1.45,2.9,1.48,2.91,1.44,2.79,-0.75,2.02,1.88,2.04,1.89,2.07,1.91,2.02,1.87,,,,,,,,,,,,,,,,,,,,,,,,,,,,,,,,,,,,,,,,,
E0,2021-01-02,15:00:00,Crystal Palace,Sheffield United,,,,,,,1.95,3.5,3.9,1.95,3.5,3.9,1.95,3.3,4.1,2.02,3.45,3.84,2.0,3.3,4.0,2.0,3.25,4.1,2.09,3.55,4.1,2.01,3.4,3.93,2.3,1.61,2.26,1.65,2.34,1.7,2.25,1.65,-0.5,2.03,1.87,2.02,1.84,2.07,1.91,2.0,1.85,,,,,,,,,,,,,,,,,,,,,,,,,,,,,,,,,,,,,,,,,
E0,2021-01-02,17:30:00,Brighton,Wolves,,,,,,,2.62,3.25,2.75,2.6,3.2,2.8,2.6,2.9,2.85,2.68,3.28,2.91,2.7,3.1,2.8,2.7,3.0,2.9,2.76,3.3,2.92,2.66,3.15,2.85,2.5,1.53,2.53,1.58,2.54,1.62,2.43,1.56,0.0,1.87,2.03,1.88,2.05,1.91,2.06,1.86,2.0,,,,,,,,,,,,,,,,,,,,,,,,,,,,,,,,,,,,,,,,,
E0,2021-01-02,20:00:00,West Brom,Arsenal,,,,,,,5.75,4.0,1.57,5.75,4.1,1.57,5.5,3.75,1.63,5.98,4.09,1.63,6.5,4.2,1.53,6.0,4.0,1.57,6.5,4.2,1.66,5.78,4.01,1.61,1.9,1.9,1.92,1.98,1.93,2.09,1.84,1.98,1.0,1.84,2.06,1.8,2.13,1.86,2.13,1.81,2.07,,,,,,,,,,,,,,,,,,,,,,,,,,,,,,,,,,,,,,,,,
E0,2021-01-03,12:00:00,Burnley,Fulham,,,,,,,2.2,3.3,3.4,2.2,3.3,3.4,2.2,3.1,3.35,2.2,3.39,3.38,2.25,3.2,3.4,2.25,3.13,3.5,2.33,3.5,3.5,2.22,3.32,3.37,2.3,1.61,2.34,1.61,2.4,1.67,2.32,1.61,-0.25,1.95,1.95,1.89,1.96,1.98,2.0,1.91,1.95,,,,,,,,,,,,,,,,,,,,,,,,,,,,,,,,,,,,,,,,,
E0,2021-01-03,14:15:00,Newcastle,Leicester,,,,,,,5.25,4.2,1.61,5.25,4.1,1.62,5.0,3.65,1.7,5.35,3.99,1.7,5.25,3.9,1.65,5.5,3.8,1.65,5.52,4.2,1.72,5.19,3.97,1.67,1.9,1.9,1.89,2.01,1.93,2.04,1.86,1.96,0.75,2.02,1.88,2.02,1.91,2.08,1.91,2.02,1.86,,,,,,,,,,,,,,,,,,,,,,,,,,,,,,,,,,,,,,,,,
E0,2021-01-03,16:30:00,Chelsea,Man City,,,,,,,3.0,3.7,2.2,3.0,3.7,2.25,2.95,3.4,2.3,2.95,3.67,2.4,3.1,3.5,2.25,3.1,3.7,2.2,3.2,3.8,2.36,3.01,3.66,2.24,1.72,2.1,1.71,2.22,1.77,2.25,1.72,2.12,0.25,1.87,2.03,1.83,2.09,1.96,2.05,1.89,1.96,,,,,,,,,,,,,,,,,,,,,,,,,,,,,,,,,,,,,,,,,
E0,2021-01-04,20:00:00,Southampton,Liverpool,,,,,,,5.0,4.33,1.61,4.75,4.25,1.65,4.8,3.9,1.65,5.03,4.44,1.67,5.0,4.2,1.63,5.0,4.1,1.65,5.1,4.5,1.7,4.89,4.24,1.65,1.61,2.3,1.66,2.35,1.69,2.37,1.63,2.29,0.75,2.06,1.84,2.08,1.85,2.11,1.88,2.05,1.83,,,,,,,,,,,,,,,,,,,,,,,,,,,,,,,,,,,,,,,,,
E1,2021-01-01,17:30:00,Sheffield Weds,Derby,,,,,,,3.4,3.1,2.25,3.4,3.1,2.3,3.35,3.0,2.3,3.45,3.18,2.36,3.4,3.1,2.25,3.3,3.13,2.3,3.65,3.24,2.42,3.39,3.1,2.29,2.5,1.53,2.59,1.54,2.64,1.58,2.49,1.53,0.25,1.9,2.0,1.91,2.0,1.94,2.05,1.89,1.95,,,,,,,,,,,,,,,,,,,,,,,,,,,,,,,,,,,,,,,,,
E1,2021-01-02,15:00:00,Birmingham,Blackburn,,,,,,,3.6,3.4,2.1,3.5,3.25,2.2,3.45,3.25,2.15,3.64,3.47,2.15,3.5,3.2,2.15,3.5,3.3,2.15,3.75,3.5,2.21,3.51,3.33,2.13,2.2,1.66,2.2,1.72,2.3,1.73,2.21,1.66,0.25,2.04,1.86,2.07,1.85,2.1,1.9,2.02,1.83,,,,,,,,,,,,,,,,,,,,,,,,,,,,,,,,,,,,,,,,,
E1,2021-01-02,15:00:00,Brentford,Bristol City,,,,,,,1.65,3.8,5.5,1.67,3.9,5.25,1.63,3.7,5.75,1.65,3.85,5.99,1.65,3.6,5.8,1.65,3.8,5.5,1.7,3.9,5.99,1.65,3.74,5.54,2.0,1.8,2.02,1.87,2.06,1.88,1.99,1.82,-0.75,1.84,2.06,1.86,2.06,1.88,2.09,1.84,2.01,,,,,,,,,,,,,,,,,,,,,,,,,,,,,,,,,,,,,,,,,
E1,2021-01-02,15:00:00,Huddersfield,Reading,,,,,,,2.5,3.4,2.8,2.55,3.2,2.9,2.55,3.1,2.8,2.67,3.24,2.9,2.55,3.1,2.88,2.5,3.2,2.9,2.7,3.4,2.95,2.56,3.16,2.86,2.3,1.61,2.3,1.67,2.31,1.73,2.22,1.66,0.0,1.83,2.07,1.88,2.04,1.88,2.12,1.81,2.04,,,,,,,,,,,,,,,,,,,,,,,,,,,,,,,,,,,,,,,,,
E1,2021-01-02,15:00:00,Luton,QPR,,,,,,,2.3,3.3,3.2,2.3,3.3,3.2,2.3,3.2,3.1,2.35,3.39,3.26,2.3,3.25,3.2,2.3,3.4,3.1,2.4,3.44,3.29,2.31,3.3,3.14,2.0,1.8,2.07,1.83,2.14,1.83,2.04,1.78,-0.25,2.02,1.88,2.01,1.89,2.05,1.91,1.99,1.86,,,,,,,,,,,,,,,,,,,,,,,,,,,,,,,,,,,,,,,,,
E1,2021-01-02,15:00:00,Millwall,Coventry,,,,,,,2.05,3.1,4.2,2.05,3.1,4.25,2.05,2.95,4.1,2.09,3.13,4.34,2.0,3.1,4.2,2.05,3.13,4.0,2.16,3.24,4.5,2.06,3.08,4.12,2.62,1.5,2.58,1.55,2.85,1.55,2.63,1.47,-0.5,2.07,1.83,2.09,1.83,2.1,1.86,2.05,1.8,,,,,,,,,,,,,,,,,,,,,,,,,,,,,,,,,,,,,,,,,
E1,2021-01-02,15:00:00,Norwich,Barnsley,,,,,,,1.75,3.75,4.75,1.78,3.9,4.33,1.73,3.7,4.5,1.77,3.9,4.81,1.78,3.6,4.6,1.75,3.9,4.4,1.85,4.0,4.88,1.77,3.75,4.53,1.8,2.0,1.81,2.07,1.86,2.11,1.79,2.02,-0.75,2.01,1.89,2.01,1.89,2.13,1.91,2.0,1.85,,,,,,,,,,,,,,,,,,,,,,,,,,,,,,,,,,,,,,,,,
E1,2021-01-02,15:00:00,Preston,Nott'm Forest,,,,,,,2.45,3.25,3.0,2.5,3.2,3.0,2.45,3.1,2.95,2.54,3.21,3.1,2.45,3.1,3.0,2.45,3.2,3.0,2.59,3.28,3.13,2.48,3.15,2.98,2.3,1.61,2.35,1.65,2.4,1.67,2.3,1.61,-0.25,2.13,1.78,2.16,1.78,2.19,1.81,2.12,1.75,,,,,,,,,,,,,,,,,,,,,,,,,,,,,,,,,,,,,,,,,
E1,2021-01-02,15:00:00,Rotherham,Cardiff,,,,,,,3.3,3.3,2.25,3.2,3.4,2.25,3.15,3.25,2.25,3.35,3.38,2.3,3.2,3.2,2.3,3.2,3.4,2.25,3.39,3.41,2.36,3.21,3.3,2.27,2.1,1.72,2.1,1.79,2.16,1.81,2.07,1.75,0.25,1.93,1.97,1.93,1.97,1.95,2.01,1.88,1.95,,,,,,,,,,,,,,,,,,,,,,,,,,,,,,,,,,,,,,,,,
E1,2021-01-02,15:00:00,Swansea,Watford,,,,,,,2.75,3.1,2.75,2.75,3.0,2.85,2.75,3.0,2.65,2.89,3.15,2.75,2.8,3.1,2.62,2.75,3.1,2.7,2.9,3.24,2.85,2.76,3.07,2.72,2.37,1.57,2.48,1.58,2.49,1.63,2.38,1.57,0.0,1.99,1.91,2.0,1.9,2.01,1.97,1.94,1.9,,,,,,,,,,,,,,,,,,,,,,,,,,,,,,,,,,,,,,,,,
E1,2021-01-02,15:00:00,Wycombe,Middlesbrough,,,,,,,4.2,3.3,1.95,4.2,3.4,1.95,4.0,3.25,1.95,4.21,3.43,2.0,4.2,3.2,1.95,4.0,3.5,1.93,4.45,3.5,2.05,4.09,3.33,1.96,2.1,1.72,2.1,1.79,2.16,1.82,2.07,1.76,0.5,1.92,1.98,1.91,2.0,1.96,2.03,1.88,1.96,,,,,,,,,,,,,,,,,,,,,,,,,,,,,,,,,,,,,,,,,
E1,2021-01-02,19:45:00,Stoke,Bournemouth,,,,,,,3.6,3.4,2.1,3.6,3.4,2.1,3.45,3.25,2.1,3.68,3.47,2.14,3.6,3.25,2.1,3.5,3.4,2.1,3.75,3.48,2.21,3.54,3.34,2.12,2.1,1.72,2.16,1.75,2.21,1.81,2.14,1.71,0.25,2.05,1.85,2.08,1.84,2.09,1.88,2.03,1.82,,,,,,,,,,,,,,,,,,,,,,,,,,,,,,,,,,,,,,,,,
E2,2021-01-02,15:00:00,Accrington,Portsmouth,,,,,,,3.5,3.6,2.05,3.3,3.4,2.1,3.35,3.15,2.15,3.56,3.35,2.2,3.3,3.3,2.1,3.4,3.4,2.15,3.71,3.6,2.21,3.42,3.32,2.12,2.0,1.8,2.1,1.78,2.1,1.85,2.01,1.78,0.25,1.98,1.88,2.01,1.88,2.09,1.88,1.98,1.84,,,,,,,,,,,,,,,,,,,,,,,,,,,,,,,,,,,,,,,,,
E2,2021-01-02,15:00:00,AFC Wimbledon,Lincoln,,,,,,,4.33,3.75,1.8,4.33,3.6,1.78,4.0,3.4,1.85,4.13,3.77,1.89,4.0,3.5,1.83,4.33,3.6,1.85,4.4,3.79,1.94,4.12,3.56,1.85,2.0,1.8,2.04,1.84,2.05,1.86,1.99,1.8,0.5,2.0,1.85,2.0,1.89,2.08,1.89,1.97,1.84,,,,,,,,,,,,,,,,,,,,,,,,,,,,,,,,,,,,,,,,,
E2,2021-01-02,15:00:00,Bristol Rvs,Blackpool,,,,,,,3.3,3.6,2.1,3.4,3.3,2.1,3.35,3.1,2.15,3.58,3.31,2.21,3.3,3.2,2.15,3.3,3.3,2.25,3.59,3.6,2.28,3.35,3.28,2.17,2.1,1.7,2.15,1.74,2.21,1.75,2.1,1.71,0.25,1.98,1.88,2.0,1.88,2.03,1.96,1.94,1.88,,,,,,,,,,,,,,,,,,,,,,,,,,,,,,,,,,,,,,,,,
E2,2021-01-02,15:00:00,Burton,Oxford,,,,,,,3.8,3.75,1.9,3.6,3.7,1.91,3.55,3.55,1.95,3.74,3.95,1.94,3.6,3.6,1.91,3.7,3.75,1.95,3.86,3.97,2.02,3.62,3.71,1.93,1.8,2.0,1.79,2.08,1.83,2.1,1.77,2.01,0.5,1.9,1.95,1.94,1.94,1.96,2.02,1.88,1.93,,,,,,,,,,,,,,,,,,,,,,,,,,,,,,,,,,,,,,,,,
E2,2021-01-02,15:00:00,Hull,Charlton,,,,,,,2.15,3.5,3.3,2.15,3.3,3.3,2.2,3.3,3.1,2.27,3.57,3.2,2.1,3.4,3.25,2.2,3.5,3.25,2.28,3.64,3.4,2.18,3.45,3.17,1.9,1.9,1.92,1.95,1.96,1.97,1.89,1.89,-0.25,1.93,1.93,1.96,1.93,1.96,2.02,1.89,1.93,,,,,,,,,,,,,,,,,,,,,,,,,,,,,,,,,,,,,,,,,
E2,2021-01-02,15:00:00,Northampton,Sunderland,,,,,,,5.5,4.2,1.6,5.25,4.1,1.57,5.25,3.85,1.6,5.44,4.15,1.63,5.25,3.9,1.57,5.75,4.2,1.57,5.75,4.25,1.66,5.3,4.05,1.59,1.8,2.0,1.84,2.04,1.84,2.09,1.78,2.01,1.0,1.8,2.05,1.81,2.1,1.88,2.11,1.81,2.01,,,,,,,,,,,,,,,,,,,,,,,,,,,,,,,,,,,,,,,,,
E2,2021-01-02,15:00:00,Plymouth,Gillingham,,,,,,,2.25,3.3,3.3,2.3,3.0,3.3,2.25,3.05,3.15,2.31,3.24,3.42,2.2,3.1,3.25,2.3,3.4,3.1,2.4,3.4,3.43,2.28,3.2,3.18,1.8,2.0,1.88,2.0,1.9,2.01,1.83,1.95,-0.25,1.95,1.9,1.97,1.92,2.02,1.95,1.95,1.87,,,,,,,,,,,,,,,,,,,,,,,,,,,,,,,,,,,,,,,,,
E2,2021-01-02,15:00:00,Swindon,Wigan,,,,,,,2.3,3.5,3.0,2.2,3.4,3.1,2.25,3.25,2.95,2.33,3.48,3.15,2.25,3.25,3.1,2.25,3.4,3.2,2.37,3.58,3.2,2.26,3.4,3.03,1.95,1.85,1.91,1.95,2.0,1.96,1.9,1.88,-0.25,1.98,1.88,2.01,1.88,2.02,1.93,1.96,1.86,,,,,,,,,,,,,,,,,,,,,,,,,,,,,,,,,,,,,,,,,
E3,2021-01-02,15:00:00,Barrow,Exeter,,,,,,,3.4,3.5,2.1,3.0,3.5,2.2,3.1,3.25,2.2,3.29,3.53,2.24,3.1,3.3,2.2,3.13,3.6,2.2,3.3,3.71,2.27,3.11,3.44,2.19,1.85,1.95,1.89,1.97,1.99,1.98,1.88,1.89,0.25,1.93,1.93,1.95,1.93,1.96,1.97,1.9,1.89,,,,,,,,,,,,,,,,,,,,,,,,,,,,,,,,,,,,,,,,,
E3,2021-01-02,15:00:00,Bolton,Crawley Town,,,,,,,2.5,3.5,2.75,2.55,3.4,2.6,2.5,3.3,2.6,2.59,3.6,2.71,2.5,3.25,2.7,2.55,3.5,2.7,2.78,3.63,2.77,2.52,3.43,2.64,1.9,1.9,1.9,1.97,1.99,1.97,1.89,1.89,0.0,1.85,2.0,1.89,1.99,1.92,2.04,1.86,1.96,,,,,,,,,,,,,,,,,,,,,,,,,,,,,,,,,,,,,,,,,
E3,2021-01-02,15:00:00,Colchester,Tranmere,,,,,,,2.9,3.6,2.3,2.75,3.5,2.4,2.7,3.3,2.4,2.86,3.68,2.42,2.75,3.4,2.35,2.9,3.6,2.38,2.92,3.7,2.51,2.78,3.49,2.38,1.9,1.9,1.91,1.96,1.98,1.97,1.88,1.9,0.25,1.83,2.02,1.8,2.11,1.87,2.13,1.77,2.07,,,,,,,,,,,,,,,,,,,,,,,,,,,,,,,,,,,,,,,,,
E3,2021-01-02,15:00:00,Forest Green,Oldham,,,,,,,1.83,3.75,4.2,1.8,3.75,4.0,1.85,3.55,3.85,1.86,3.93,4.09,1.8,3.7,3.9,1.87,3.8,4.0,1.9,3.95,4.21,1.84,3.74,3.94,1.72,2.07,1.74,2.15,1.8,2.15,1.73,2.06,-0.75,2.08,1.73,2.12,1.78,2.14,1.82,2.08,1.75,,,,,,,,,,,,,,,,,,,,,,,,,,,,,,,,,,,,,,,,,
E3,2021-01-02,15:00:00,Grimsby,Cambridge,,,,,,,3.0,3.6,2.25,3.2,3.4,2.15,3.0,3.25,2.25,3.09,3.57,2.32,3.0,3.3,2.25,3.13,3.5,2.25,3.2,3.6,2.36,3.05,3.42,2.24,2.0,1.8,2.07,1.81,2.07,1.89,1.97,1.81,0.25,1.9,1.95,1.88,2.01,1.94,2.01,1.88,1.94,,,,,,,,,,,,,,,,,,,,,,,,,,,,,,,,,,,,,,,,,
E3,2021-01-02,15:00:00,Harrogate,Cheltenham,,,,,,,3.0,3.5,2.3,3.0,3.5,2.2,2.95,3.25,2.25,3.14,3.63,2.27,3.0,3.3,2.25,3.1,3.5,2.3,3.15,3.65,2.35,3.02,3.44,2.25,1.95,1.85,1.93,1.93,2.01,1.94,1.9,1.87,0.25,1.88,1.98,1.92,1.97,1.92,2.02,1.87,1.95,,,,,,,,,,,,,,,,,,,,,,,,,,,,,,,,,,,,,,,,,
E3,2021-01-02,15:00:00,Leyton Orient,Salford,,,,,,,2.75,3.4,2.5,2.75,3.2,2.55,2.75,3.1,2.5,2.89,3.32,2.59,2.7,3.2,2.5,2.75,3.3,2.6,2.94,3.5,2.65,2.75,3.25,2.53,2.0,1.8,2.06,1.83,2.08,1.86,1.98,1.8,0.0,2.02,1.83,2.06,1.84,2.09,1.9,1.97,1.84,,,,,,,,,,,,,,,,,,,,,,,,,,,,,,,,,,,,,,,,,
E3,2021-01-02,15:00:00,Mansfield,Port Vale,,,,,,,2.37,3.25,3.1,2.25,3.25,3.1,2.3,3.05,3.05,2.35,3.34,3.24,2.3,3.1,3.1,2.38,3.3,3.1,2.49,3.4,3.25,2.32,3.22,3.08,2.1,1.7,2.17,1.73,2.2,1.75,2.13,1.68,-0.25,2.0,1.85,2.01,1.88,2.09,1.89,2.0,1.82,,,,,,,,,,,,,,,,,,,,,,,,,,,,,,,,,,,,,,,,,
E3,2021-01-02,15:00:00,Newport County,Southend,,,,,,,1.5,4.33,6.5,1.53,4.1,5.75,1.53,3.95,6.0,1.51,4.46,6.52,1.5,4.0,6.0,1.55,4.2,6.0,1.57,4.5,6.58,1.52,4.21,5.95,1.8,2.0,1.83,2.05,1.88,2.06,1.8,1.98,-1.0,1.9,1.95,1.9,1.99,2.0,2.01,1.88,1.93,,,,,,,,,,,,,,,,,,,,,,,,,,,,,,,,,,,,,,,,,
E3,2021-01-02,15:00:00,Stevenage,Scunthorpe,,,,,,,2.6,3.4,2.7,2.45,3.4,2.7,2.5,3.1,2.7,2.65,3.34,2.81,2.55,3.1,2.75,2.55,3.3,2.8,2.66,3.41,2.85,2.53,3.27,2.73,2.1,1.7,2.18,1.72,2.2,1.76,2.1,1.71,0.0,1.85,2.0,1.89,2.0,1.9,2.08,1.83,1.98,,,,,,,,,,,,,,,,,,,,,,,,,,,,,,,,,,,,,,,,,
E3,2021-01-02,15:00:00,Walsall,Carlisle,,,,,,,2.9,3.5,2.37,2.85,3.3,2.4,2.9,3.25,2.3,3.03,3.54,2.38,2.9,3.25,2.35,2.9,3.5,2.4,3.06,3.56,2.44,2.91,3.37,2.35,1.95,1.85,1.93,1.93,2.03,1.94,1.91,1.86,0.25,1.77,2.02,1.84,2.06,1.84,2.09,1.79,2.02,,,,,,,,,,,,,,,,,,,,,,,,,,,,,,,,,,,,,,,,,
EC,2021-01-02,15:00:00,Chesterfield,Solihull,,,,,,,2.4,3.6,2.7,,,,2.45,3.3,2.55,2.53,3.69,2.68,2.5,3.25,2.62,2.45,3.4,2.7,2.53,3.7,2.7,2.44,3.46,2.6,1.85,1.95,1.84,2.02,1.91,2.02,1.8,1.95,0.0,1.83,1.98,1.88,2.0,1.9,2.0,1.84,1.96,,,,,,,,,,,,,,,,,,,,,,,,,,,,,,,,,,,,,,,,,
EC,2021-01-02,15:00:00,Dag and Red,Dover Athletic,,,,,,,1.7,3.75,4.75,,,,1.73,3.55,4.2,1.76,3.98,4.51,1.73,3.6,4.2,1.73,3.7,4.5,1.79,3.98,4.75,1.73,3.73,4.24,1.85,1.95,1.88,1.96,1.9,2.01,1.82,1.92,-0.75,1.95,1.85,2.0,1.87,2.05,1.92,1.96,1.83,,,,,,,,,,,,,,,,,,,,,,,,,,,,,,,,,,,,,,,,,
EC,2021-01-02,15:00:00,Halifax,Hartlepool,,,,,,,2.5,3.3,2.75,,,,2.45,3.15,2.65,2.59,3.46,2.75,2.45,3.2,2.7,2.5,3.3,2.7,2.64,3.48,2.75,2.47,3.29,2.68,1.95,1.85,1.95,1.9,1.96,1.93,1.9,1.86,0.0,1.85,1.95,1.88,2.0,1.91,2.04,1.83,1.97,,,,,,,,,,,,,,,,,,,,,,,,,,,,,,,,,,,,,,,,,
EC,2021-01-02,15:00:00,Stockport,Altrincham,,,,,,,1.44,4.5,6.5,,,,1.53,3.85,5.25,1.56,4.33,5.76,1.52,3.9,5.8,1.5,4.2,6.0,1.59,4.5,6.5,1.53,4.07,5.48,1.8,2.0,1.85,2.01,1.86,2.04,1.8,1.96,-1.0,1.93,1.88,2.03,1.85,2.03,1.95,1.93,1.86,,,,,,,,,,,,,,,,,,,,,,,,,,,,,,,,,,,,,,,,,
EC,2021-01-02,15:00:00,Weymouth,Eastleigh,,,,,,,3.5,3.6,2.0,,,,3.25,3.45,2.0,3.52,3.88,2.01,3.25,3.5,2.0,3.25,3.5,2.1,3.56,3.88,2.17,3.28,3.6,2.01,1.75,2.05,1.74,2.13,1.78,2.13,1.73,2.03,0.25,2.0,1.8,2.14,1.75,2.14,1.89,2.02,1.78,,,,,,,,,,,,,,,,,,,,,,,,,,,,,,,,,,,,,,,,,
EC,2021-01-02,15:00:00,Woking,Aldershot,,,,,,,2.05,3.5,3.5,,,,2.1,3.3,3.2,2.11,3.6,3.47,2.05,3.3,3.3,2.1,3.4,3.4,2.13,3.6,3.5,2.06,3.41,3.31,2.0,1.8,2.03,1.83,2.03,1.89,1.96,1.8,-0.25,1.8,2.0,1.83,2.05,1.85,2.05,1.79,2.0,,,,,,,,,,,,,,,,,,,,,,,,,,,,,,,,,,,,,,,,,
EC,2021-01-02,15:00:00,Yeovil,Torquay,,,,,,,3.3,3.4,2.1,,,,3.15,3.35,2.05,3.43,3.68,2.1,3.2,3.3,2.1,3.13,3.5,2.15,3.43,3.78,2.19,3.18,3.47,2.09,1.72,2.07,1.71,2.17,1.84,2.22,1.71,2.07,0.25,1.98,1.83,2.06,1.83,2.09,1.92,1.95,1.84,,,,,,,,,,,,,,,,,,,,,,,,,,,,,,,,,,,,,,,,,
EC,2021-01-02,17:20:00,Barnet,Boreham Wood,,,,,,,4.0,3.4,1.9,,,,3.55,3.3,1.95,3.88,3.66,1.96,3.7,3.25,1.95,3.7,3.5,1.95,4.0,3.66,2.02,3.67,3.46,1.92,1.85,1.95,1.83,2.03,1.91,2.03,1.83,1.93,0.5,1.85,1.95,1.91,1.96,1.93,1.99,1.86,1.91,,,,,,,,,,,,,,,,,,,,,,,,,,,,,,,,,,,,,,,,,
G1,2021-01-03,13:00:00,Panathinaikos,Asteras Tripolis,,,,,,,1.83,3.6,4.33,1.83,3.4,4.25,1.85,3.4,4.3,1.85,3.51,4.4,1.85,3.3,4.4,1.8,3.3,4.5,2.01,3.6,4.55,1.84,3.39,4.25,2.4,1.53,2.42,1.56,2.46,1.61,2.4,1.54,-0.5,1.85,2.0,1.85,1.99,1.9,2.05,1.83,1.97,,,,,,,,,,,,,,,,,,,,,,,,,,,,,,,,,,,,,,,,,
G1,2021-01-03,13:00:00,Panetolikos,OFI Crete,,,,,,,2.9,2.9,2.7,3.0,2.7,2.65,2.95,2.9,2.55,2.98,2.97,2.65,2.88,3.0,2.55,3.0,2.9,2.5,3.02,3.18,2.7,2.93,2.92,2.56,2.4,1.53,2.43,1.56,2.46,1.61,2.4,1.54,0.0,2.1,1.77,2.04,1.81,2.12,1.85,2.04,1.78,,,,,,,,,,,,,,,,,,,,,,,,,,,,,,,,,,,,,,,,,
G1,2021-01-03,15:15:00,Giannina,Apollon,,,,,,,1.9,3.25,4.2,1.9,3.1,4.33,2.0,3.1,4.1,2.0,3.13,4.33,2.0,3.1,4.0,2.0,3.1,3.9,2.05,3.28,4.33,1.98,3.11,4.03,2.4,1.53,2.53,1.52,2.58,1.56,2.47,1.51,-0.5,,,2.0,1.85,2.05,1.85,1.99,1.8,,,,,,,,,,,,,,,,,,,,,,,,,,,,,,,,,,,,,,,,,
G1,2021-01-03,15:15:00,Larisa,PAOK,,,,,,,9.0,4.2,1.4,7.5,4.0,1.44,8.0,4.3,1.43,9.27,4.16,1.41,8.5,4.2,1.4,8.0,4.2,1.4,9.34,4.4,1.48,7.82,4.2,1.41,2.0,1.8,2.02,1.81,2.14,1.83,2.02,1.77,1.25,1.85,2.0,1.85,1.99,1.89,2.16,1.81,2.0,,,,,,,,,,,,,,,,,,,,,,,,,,,,,,,,,,,,,,,,,
G1,2021-01-03,17:30:00,Olympiakos,AEK,,,,,,,1.55,4.0,6.0,1.5,4.2,5.75,1.6,3.75,6.0,1.55,4.06,6.06,1.53,3.8,6.5,1.55,3.75,6.0,1.61,4.22,6.5,1.54,3.9,5.86,2.1,1.7,2.2,1.68,2.23,1.75,2.14,1.68,-1.0,2.05,1.8,2.09,1.77,2.11,1.89,2.0,1.8,,,,,,,,,,,,,,,,,,,,,,,,,,,,,,,,,,,,,,,,,
G1,2021-01-04,15:15:00,Volos NFC,Atromitos,,,,,,,2.75,3.2,2.6,2.75,2.7,2.85,2.75,2.9,2.75,2.77,2.98,2.84,2.8,2.8,2.8,2.7,2.9,2.75,2.92,3.2,2.85,2.72,2.93,2.72,2.3,1.6,2.35,1.6,2.41,1.63,2.32,1.58,0.0,1.93,1.93,1.89,1.94,2.0,2.02,1.89,1.91,,,,,,,,,,,,,,,,,,,,,,,,,,,,,,,,,,,,,,,,,
G1,2021-01-04,17:30:00,Lamia,Aris,,,,,,,5.25,3.75,1.65,4.75,3.5,1.72,5.25,3.65,1.67,5.47,3.76,1.65,5.25,3.5,1.7,5.25,3.5,1.65,5.47,3.8,1.73,4.98,3.62,1.67,2.15,1.66,2.23,1.66,2.27,1.7,2.21,1.64,0.75,1.98,1.88,1.97,1.86,2.0,1.98,1.92,1.87,,,,,,,,,,,,,,,,,,,,,,,,,,,,,,,,,,,,,,,,,
I1,2021-01-03,11:30:00,Inter,Crotone,,,,,,,1.2,7.0,12.0,1.22,7.25,11.0,1.2,6.9,16.0,1.23,7.08,12.55,1.22,6.5,13.0,1.17,7.0,15.0,1.25,7.5,16.0,1.22,6.85,12.5,1.44,2.75,1.44,2.92,1.45,2.97,1.42,2.81,-2.0,2.05,1.75,2.11,1.8,2.11,1.88,2.03,1.82,,,,,,,,,,,,,,,,,,,,,,,,,,,,,,,,,,,,,,,,,
I1,2021-01-03,14:00:00,Atalanta,Sassuolo,,,,,,,1.5,4.5,5.5,1.57,4.5,5.25,1.55,4.5,5.4,1.58,4.64,5.62,1.55,4.5,5.5,1.5,4.2,6.0,1.62,4.95,6.0,1.55,4.57,5.39,1.44,2.75,1.47,2.84,1.49,2.88,1.44,2.73,-1.0,1.87,2.03,1.89,2.04,1.96,2.07,1.87,1.99,,,,,,,,,,,,,,,,,,,,,,,,,,,,,,,,,,,,,,,,,
I1,2021-01-03,14:00:00,Cagliari,Napoli,,,,,,,7.0,4.33,1.45,7.25,4.1,1.5,6.1,4.6,1.5,7.55,4.46,1.5,7.0,4.2,1.5,6.5,4.33,1.45,7.55,4.84,1.53,6.72,4.4,1.49,1.57,2.37,1.61,2.45,1.64,2.48,1.58,2.38,1.0,2.02,1.77,2.14,1.8,2.19,1.86,2.07,1.79,,,,,,,,,,,,,,,,,,,,,,,,,,,,,,,,,,,,,,,,,
I1,2021-01-03,14:00:00,Fiorentina,Bologna,,,,,,,2.1,3.4,3.4,2.1,3.6,3.4,2.1,3.55,3.35,2.17,3.68,3.46,2.1,3.6,3.4,2.1,3.3,3.4,2.22,3.76,3.6,2.13,3.55,3.36,1.72,2.1,1.74,2.21,1.76,2.24,1.7,2.15,-0.25,1.85,2.05,1.88,2.05,1.9,2.08,1.84,2.01,,,,,,,,,,,,,,,,,,,,,,,,,,,,,,,,,,,,,,,,,
I1,2021-01-03,14:00:00,Genoa,Lazio,,,,,,,5.25,4.0,1.61,5.25,4.0,1.65,4.85,3.95,1.67,5.26,3.99,1.71,5.25,3.8,1.67,5.25,3.8,1.62,5.5,4.12,1.74,5.11,3.93,1.67,1.72,2.1,1.74,2.2,1.77,2.22,1.7,2.15,0.75,2.03,1.87,2.02,1.9,2.06,1.91,2.0,1.85,,,,,,,,,,,,,,,,,,,,,,,,,,,,,,,,,,,,,,,,,
I1,2021-01-03,14:00:00,Parma,Torino,,,,,,,2.75,3.2,2.6,2.9,3.1,2.6,2.85,3.2,2.6,2.95,3.24,2.67,2.88,3.2,2.6,2.75,3.2,2.55,3.0,3.3,2.72,2.85,3.19,2.6,1.8,2.0,1.83,2.05,1.87,2.14,1.78,2.03,0.0,2.04,1.86,2.06,1.87,2.06,1.9,2.01,1.84,,,,,,,,,,,,,,,,,,,,,,,,,,,,,,,,,,,,,,,,,
I1,2021-01-03,14:00:00,Roma,Sampdoria,,,,,,,1.45,4.75,6.0,1.48,4.75,6.25,1.48,4.85,5.8,1.49,4.91,6.68,1.47,4.6,6.5,1.44,4.5,6.5,1.53,5.12,6.68,1.48,4.75,6.19,1.4,3.0,1.44,2.95,1.46,3.0,1.42,2.83,-1.25,2.0,1.9,2.01,1.92,2.06,1.94,2.0,1.86,,,,,,,,,,,,,,,,,,,,,,,,,,,,,,,,,,,,,,,,,
I1,2021-01-03,14:00:00,Spezia,Verona,,,,,,,2.9,3.4,2.37,3.1,3.4,2.3,2.95,3.35,2.4,3.03,3.51,2.46,3.0,3.3,2.4,3.0,3.2,2.38,3.18,3.53,2.51,3.0,3.38,2.39,1.9,1.9,1.98,1.93,1.99,1.95,1.91,1.89,0.25,1.81,2.09,1.83,2.12,1.89,2.12,1.81,2.05,,,,,,,,,,,,,,,,,,,,,,,,,,,,,,,,,,,,,,,,,
I1,2021-01-03,17:00:00,Benevento,Milan,,,,,,,5.25,4.2,1.57,5.5,4.33,1.57,5.1,4.15,1.63,5.52,4.21,1.65,5.5,4.0,1.62,5.75,4.0,1.55,5.75,4.4,1.69,5.31,4.15,1.61,1.61,2.3,1.65,2.38,1.68,2.39,1.61,2.31,1.0,1.85,2.05,1.85,2.08,1.89,2.08,1.83,2.02,,,,,,,,,,,,,,,,,,,,,,,,,,,,,,,,,,,,,,,,,
I1,2021-01-03,19:45:00,Juventus,Udinese,,,,,,,1.4,4.5,7.5,1.45,4.33,7.5,1.4,4.55,9.0,1.45,4.71,8.01,1.44,4.4,7.5,1.4,4.33,8.0,1.49,4.76,9.0,1.44,4.54,7.41,1.72,2.1,1.76,2.17,1.79,2.19,1.72,2.1,-1.25,2.04,1.86,2.07,1.86,2.07,1.9,2.01,1.84,,,,,,,,,,,,,,,,,,,,,,,,,,,,,,,,,,,,,,,,,
I2,2021-01-04,14:00:00,Cosenza,Empoli,,,,,,,3.6,3.1,2.15,3.4,3.0,2.25,3.4,3.05,2.25,3.53,3.17,2.3,3.4,3.1,2.25,3.4,3.13,2.3,3.61,3.25,2.35,3.35,3.05,2.24,2.07,1.72,2.13,1.76,2.19,1.83,2.09,1.72,0.25,1.9,1.95,1.94,1.96,1.96,2.0,1.88,1.94,,,,,,,,,,,,,,,,,,,,,,,,,,,,,,,,,,,,,,,,,
I2,2021-01-04,14:00:00,Venezia,Pisa,,,,,,,1.95,3.4,3.8,1.95,3.25,4.0,1.97,3.2,4.1,2.0,3.29,4.35,1.95,3.2,4.2,2.0,3.25,4.1,2.05,3.4,4.35,1.96,3.2,3.99,2.07,1.72,2.09,1.79,2.17,1.81,2.06,1.74,-0.5,2.0,1.85,2.01,1.9,2.05,1.91,1.97,1.85,,,,,,,,,,,,,,,,,,,,,,,,,,,,,,,,,,,,,,,,,
I2,2021-01-04,15:00:00,Lecce,Monza,,,,,,,2.37,3.25,3.0,2.45,3.2,2.85,2.4,3.4,2.8,2.47,3.55,2.88,2.45,3.3,2.88,2.45,3.25,3.0,2.53,3.57,3.1,2.39,3.33,2.82,1.8,2.0,1.85,2.03,1.89,2.04,1.81,1.97,0.0,1.77,2.1,1.81,2.11,1.83,2.17,1.76,2.07,,,,,,,,,,,,,,,,,,,,,,,,,,,,,,,,,,,,,,,,,
I2,2021-01-04,16:00:00,Ascoli,Reggina,,,,,,,3.1,2.9,2.5,2.9,2.9,2.65,2.95,2.95,2.55,3.1,3.03,2.63,3.0,2.88,2.62,3.0,3.0,2.6,3.1,3.05,2.7,2.93,2.92,2.56,2.25,1.61,2.34,1.64,2.39,1.66,2.26,1.61,0.0,2.1,1.77,2.12,1.79,2.12,1.85,2.05,1.79,,,,,,,,,,,,,,,,,,,,,,,,,,,,,,,,,,,,,,,,,
I2,2021-01-04,17:00:00,Cremonese,Chievo,,,,,,,3.0,3.0,2.5,3.2,3.0,2.35,3.05,2.95,2.5,3.2,3.03,2.56,3.1,3.0,2.5,3.1,3.0,2.55,3.21,3.15,2.63,3.0,2.96,2.49,2.15,1.66,2.25,1.68,2.31,1.72,2.19,1.65,0.0,2.1,1.77,2.18,1.74,2.19,1.82,2.09,1.76,,,,,,,,,,,,,,,,,,,,,,,,,,,,,,,,,,,,,,,,,
I2,2021-01-04,17:00:00,Reggiana,Pescara,,,,,,,2.3,3.2,3.2,2.3,3.1,3.2,2.35,3.15,3.1,2.39,3.26,3.24,2.4,3.1,3.1,2.45,3.1,3.13,2.45,3.3,3.24,2.34,3.12,3.08,2.07,1.72,2.11,1.77,2.21,1.8,2.08,1.72,-0.25,2.02,1.83,2.04,1.85,2.11,1.87,2.02,1.81,,,,,,,,,,,,,,,,,,,,,,,,,,,,,,,,,,,,,,,,,
I2,2021-01-04,17:00:00,Salernitana,Pordenone,,,,,,,2.45,3.2,2.87,2.45,3.1,2.95,2.45,3.25,2.8,2.54,3.39,2.91,2.5,3.2,2.9,2.55,3.1,3.0,2.55,3.39,3.05,2.43,3.21,2.85,2.05,1.75,2.11,1.78,2.19,1.8,2.08,1.73,0.0,1.8,2.05,1.82,2.09,1.82,2.19,1.76,2.08,,,,,,,,,,,,,,,,,,,,,,,,,,,,,,,,,,,,,,,,,
I2,2021-01-04,20:00:00,Brescia,Vicenza,,,,,,,2.15,3.2,3.5,2.15,3.2,3.4,2.1,3.15,3.6,2.14,3.26,3.84,2.1,3.1,3.8,2.1,3.2,3.8,2.15,3.3,3.84,2.09,3.17,3.56,2.07,1.72,2.11,1.77,2.16,1.8,2.06,1.74,-0.25,1.8,2.05,1.83,2.08,1.86,2.09,1.8,2.02,,,,,,,,,,,,,,,,,,,,,,,,,,,,,,,,,,,,,,,,,
P1,2021-01-02,18:00:00,Sp Lisbon,Sp Braga,,,,,,,2.0,3.6,3.5,2.05,3.7,3.4,2.05,3.55,3.4,2.07,3.66,3.68,2.1,3.4,3.4,2.1,3.5,3.25,2.13,3.72,3.69,2.06,3.51,3.41,1.7,2.1,1.72,2.2,1.76,2.23,1.7,2.14,-0.25,1.85,2.05,1.79,2.13,1.88,2.13,1.81,2.03,,,,,,,,,,,,,,,,,,,,,,,,,,,,,,,,,,,,,,,,,
P1,2021-01-03,13:00:00,Tondela,Famalicao,,,,,,,3.0,3.0,2.5,3.0,2.95,2.5,2.85,3.05,2.6,2.92,3.17,2.71,2.8,3.1,2.6,2.8,3.1,2.55,3.0,3.26,2.71,2.85,3.06,2.58,2.25,1.61,2.3,1.67,2.35,1.69,2.23,1.64,0.0,2.05,1.85,2.03,1.88,2.08,1.89,2.01,1.82,,,,,,,,,,,,,,,,,,,,,,,,,,,,,,,,,,,,,,,,,
P1,2021-01-03,15:00:00,Guimaraes,Nacional,,,,,,,1.66,3.6,5.0,1.67,3.7,5.0,1.73,3.5,5.0,1.75,3.68,5.32,1.7,3.5,5.25,1.73,3.5,4.8,1.78,3.73,5.32,1.72,3.53,4.97,2.15,1.66,2.27,1.68,2.28,1.76,2.18,1.67,-0.75,2.0,1.9,2.02,1.89,2.03,1.91,1.96,1.86,,,,,,,,,,,,,,,,,,,,,,,,,,,,,,,,,,,,,,,,,
P1,2021-01-03,15:00:00,Maritimo,Boavista,,,,,,,2.6,3.0,2.9,2.7,3.0,2.7,2.6,3.05,2.85,2.69,3.13,2.98,2.62,3.1,2.8,2.6,3.1,2.75,2.71,3.24,3.02,2.61,3.04,2.83,2.25,1.61,2.36,1.64,2.38,1.67,2.27,1.62,0.0,1.86,2.04,1.85,2.06,1.91,2.09,1.84,1.99,,,,,,,,,,,,,,,,,,,,,,,,,,,,,,,,,,,,,,,,,
P1,2021-01-03,17:00:00,Santa Clara,Benfica,,,,,,,6.5,4.5,1.45,6.5,4.6,1.48,6.4,4.4,1.47,7.21,4.48,1.49,7.0,4.2,1.47,6.5,4.4,1.45,7.21,4.6,1.5,6.53,4.38,1.46,1.7,2.1,1.73,2.17,1.76,2.2,1.7,2.12,1.0,2.08,1.73,2.14,1.77,2.16,1.85,2.08,1.76,,,,,,,,,,,,,,,,,,,,,,,,,,,,,,,,,,,,,,,,,
P1,2021-01-03,19:00:00,Pacos Ferreira,Rio Ave,,,,,,,2.3,2.87,3.5,2.4,2.85,3.3,2.3,3.0,3.35,2.4,3.09,3.48,2.35,2.9,3.4,2.3,3.1,3.2,2.44,3.1,3.56,2.33,2.99,3.31,2.4,1.53,2.52,1.56,2.52,1.6,2.41,1.54,-0.25,2.02,1.88,2.02,1.88,2.05,1.92,1.98,1.84,,,,,,,,,,,,,,,,,,,,,,,,,,,,,,,,,,,,,,,,,
P1,2021-01-03,21:00:00,Porto,Moreirense,,,,,,,1.2,6.0,13.0,1.22,6.25,14.0,1.22,6.1,12.5,1.2,7.02,16.23,1.2,6.5,15.0,1.2,6.5,13.0,1.24,7.02,16.23,1.21,6.39,12.89,1.57,2.35,1.61,2.41,1.63,2.45,1.57,2.34,-1.75,1.87,2.03,1.88,2.01,1.93,2.05,1.84,1.98,,,,,,,,,,,,,,,,,,,,,,,,,,,,,,,,,,,,,,,,,
P1,2021-01-04,19:00:00,Gil Vicente,Belenenses,,,,,,,2.15,3.1,3.75,2.2,3.1,3.4,2.2,3.1,3.5,2.23,3.19,3.69,2.2,3.1,3.5,2.2,3.0,3.5,2.28,3.2,3.78,2.21,3.07,3.48,2.5,1.5,2.62,1.52,2.7,1.56,2.52,1.5,-0.25,1.89,2.01,1.89,2.0,1.94,2.06,1.88,1.94,,,,,,,,,,,,,,,,,,,,,,,,,,,,,,,,,,,,,,,,,
P1,2021-01-04,21:15:00,Portimonense,Farense,,,,,,,2.15,3.25,3.4,2.15,3.2,3.4,2.25,3.2,3.25,2.32,3.33,3.3,2.25,3.2,3.25,2.25,3.13,3.25,2.32,3.34,3.4,2.25,3.2,3.23,2.2,1.65,2.26,1.68,2.31,1.71,2.22,1.65,-0.25,1.98,1.92,1.99,1.9,2.0,1.96,1.94,1.88,,,,,,,,,,,,,,,,,,,,,,,,,,,,,,,,,,,,,,,,,
SC0,2021-01-02,12:30:00,Rangers,Celtic,,,,,,,2.05,3.6,3.4,2.05,3.4,3.5,2.05,3.5,3.4,2.15,3.66,3.45,2.1,3.4,3.4,2.05,3.6,3.4,2.17,3.74,3.6,2.08,3.5,3.37,1.9,1.9,1.93,1.96,1.98,1.99,1.9,1.9,-0.25,1.85,2.0,1.86,2.05,1.89,2.1,1.82,2.02,,,,,,,,,,,,,,,,,,,,,,,,,,,,,,,,,,,,,,,,,
SC0,2021-01-02,15:00:00,Aberdeen,Dundee United,,,,,,,1.61,3.8,5.5,1.62,4.0,5.0,1.65,3.85,5.1,1.68,4.05,5.31,1.67,3.75,5.25,1.65,3.8,5.25,1.72,4.05,5.5,1.66,3.8,5.04,2.0,1.8,2.07,1.83,2.08,1.88,2.0,1.79,-0.75,1.88,1.98,1.9,2.01,1.92,2.04,1.87,1.96,,,,,,,,,,,,,,,,,,,,,,,,,,,,,,,,,,,,,,,,,
SC0,2021-01-02,15:00:00,Hamilton,Motherwell,,,,,,,4.5,4.0,1.7,4.2,3.7,1.78,4.35,3.8,1.77,4.48,4.04,1.79,4.33,3.75,1.78,4.4,3.8,1.75,4.59,4.04,1.85,4.3,3.78,1.77,1.9,1.9,1.87,2.03,1.95,2.03,1.86,1.94,0.75,1.88,1.98,1.89,2.02,1.91,2.08,1.85,1.99,,,,,,,,,,,,,,,,,,,,,,,,,,,,,,,,,,,,,,,,,
SC0,2021-01-02,15:00:00,Hibernian,Livingston,,,,,,,2.2,3.5,3.1,2.25,3.4,3.0,2.2,3.3,3.25,2.3,3.44,3.31,2.25,3.25,3.25,2.2,3.3,3.3,2.31,3.5,3.54,2.2,3.31,3.24,2.2,1.66,2.2,1.72,2.28,1.77,2.16,1.68,-0.25,1.95,1.9,1.97,1.93,2.0,2.0,1.91,1.91,,,,,,,,,,,,,,,,,,,,,,,,,,,,,,,,,,,,,,,,,
SC0,2021-01-02,15:00:00,Kilmarnock,St Mirren,,,,,,,2.5,3.1,2.9,2.45,3.1,2.95,2.55,3.05,2.9,2.68,3.13,2.99,2.62,3.0,2.88,2.55,3.1,2.9,2.68,3.29,3.15,2.55,3.05,2.9,2.3,1.61,2.37,1.63,2.4,1.69,2.27,1.62,0.0,1.83,2.02,1.85,2.07,1.88,2.11,1.81,2.03,,,,,,,,,,,,,,,,,,,,,,,,,,,,,,,,,,,,,,,,,
SC0,2021-01-02,15:00:00,Ross County,St Johnstone,,,,,,,3.25,3.25,2.2,3.2,3.2,2.25,3.35,3.15,2.2,3.54,3.29,2.26,3.5,3.1,2.2,3.5,3.25,2.15,3.54,3.35,2.34,3.35,3.18,2.21,2.3,1.61,2.44,1.6,2.44,1.7,2.33,1.59,0.25,1.98,1.88,1.97,1.93,2.05,2.01,1.94,1.89,,,,,,,,,,,,,,,,,,,,,,,,,,,,,,,,,,,,,,,,,
SC1,2021-01-02,15:00:00,Alloa,Morton,,,,,,,2.8,3.5,2.2,2.7,3.4,2.25,2.8,3.25,2.35,2.92,3.52,2.42,2.88,3.2,2.35,2.8,3.3,2.2,3.0,3.52,2.47,2.81,3.39,2.32,1.8,2.0,1.88,1.97,1.9,2.0,1.82,1.93,0.25,1.8,2.05,1.79,2.1,1.88,2.12,1.79,2.03,,,,,,,,,,,,,,,,,,,,,,,,,,,,,,,,,,,,,,,,,
SC1,2021-01-02,15:00:00,Arbroath,Inverness C,,,,,,,2.8,3.4,2.25,2.75,3.3,2.25,3.0,3.2,2.3,3.21,3.45,2.28,2.9,3.2,2.3,2.8,3.1,2.25,3.27,3.45,2.36,2.98,3.29,2.26,2.07,1.72,2.17,1.72,2.17,1.8,2.09,1.7,0.25,1.83,2.02,1.9,1.97,1.91,2.09,1.82,1.98,,,,,,,,,,,,,,,,,,,,,,,,,,,,,,,,,,,,,,,,,
SC1,2021-01-02,15:00:00,Dunfermline,Raith Rvs,,,,,,,2.0,3.5,3.25,1.95,3.4,3.3,2.1,3.45,3.2,2.15,3.7,3.29,2.05,3.4,3.2,2.0,3.4,3.1,2.19,3.77,3.35,2.06,3.52,3.21,1.72,2.07,1.78,2.09,1.79,2.12,1.72,2.05,-0.25,1.85,2.0,1.87,2.0,1.87,2.05,1.82,1.98,,,,,,,,,,,,,,,,,,,,,,,,,,,,,,,,,,,,,,,,,
SC1,2021-01-02,15:00:00,Queen of Sth,Ayr,,,,,,,3.1,3.4,2.1,2.85,3.5,2.1,2.85,3.45,2.25,2.93,3.77,2.32,2.88,3.4,2.25,2.88,3.4,2.1,3.1,3.77,2.33,2.89,3.55,2.21,1.61,2.25,1.68,2.23,1.68,2.29,1.63,2.19,0.25,1.88,1.98,1.85,2.02,1.96,2.02,1.86,1.94,,,,,,,,,,,,,,,,,,,,,,,,,,,,,,,,,,,,,,,,,
SC1,2021-01-02,19:20:00,Dundee,Hearts,,,,,,,4.33,3.75,1.66,4.1,3.6,1.7,4.4,3.65,1.73,4.72,3.9,1.74,4.6,3.6,1.7,4.2,3.6,1.67,4.9,4.05,1.75,4.39,3.73,1.71,1.72,2.07,1.75,2.13,1.76,2.15,1.7,2.08,0.75,1.9,1.95,1.92,1.95,1.95,2.0,1.88,1.93,,,,,,,,,,,,,,,,,,,,,,,,,,,,,,,,,,,,,,,,,
SC2,2021-01-02,13:00:00,Dumbarton,Airdrie Utd,,,,,,,2.8,3.6,2.1,2.8,3.6,2.1,2.9,3.3,2.2,,,,2.9,3.4,2.1,3.0,3.3,2.25,3.15,3.85,2.29,2.96,3.38,2.19,1.95,1.85,,,1.96,1.88,1.9,1.83,0.25,,,,,1.95,1.95,1.84,1.93,,,,,,,,,,,,,,,,,,,,,,,,,,,,,,,,,,,,,,,,,
SC2,2021-01-02,15:00:00,Cove Rangers,Peterhead,,,,,,,1.5,4.2,5.0,1.57,4.0,4.4,1.5,3.95,5.5,1.53,4.71,5.28,1.53,3.9,5.5,1.5,4.1,6.0,1.58,4.71,6.0,1.52,4.21,5.09,1.66,2.15,1.67,2.2,1.75,2.2,1.68,2.1,-1.0,1.93,1.93,1.92,1.92,2.0,1.93,1.9,1.86,,,,,,,,,,,,,,,,,,,,,,,,,,,,,,,,,,,,,,,,,
SC2,2021-01-02,15:00:00,East Fife,Falkirk,,,,,,,4.0,3.6,1.7,4.1,3.6,1.7,4.0,3.55,1.77,4.33,3.85,1.78,4.2,3.6,1.75,4.2,3.7,1.75,4.35,3.85,1.8,4.08,3.67,1.75,1.75,2.05,1.75,2.08,1.8,2.08,1.75,2.0,0.75,1.83,2.02,1.83,2.01,1.84,2.1,1.79,1.99,,,,,,,,,,,,,,,,,,,,,,,,,,,,,,,,,,,,,,,,,
SC2,2021-01-02,15:00:00,Montrose,Forfar,,,,,,,1.4,4.2,6.0,1.4,4.4,6.0,1.43,4.4,6.0,1.43,5.11,6.11,1.44,4.2,6.5,1.5,4.2,5.75,1.5,5.11,6.6,1.43,4.52,5.85,1.66,2.15,1.59,2.36,1.67,2.36,1.6,2.23,-1.25,2.0,1.8,2.02,1.83,2.1,1.85,2.0,1.77,,,,,,,,,,,,,,,,,,,,,,,,,,,,,,,,,,,,,,,,,
SC2,2021-01-02,15:00:00,Partick,Clyde,,,,,,,1.4,4.33,6.0,1.4,4.4,6.0,1.4,4.4,6.25,1.39,4.78,7.73,1.4,4.33,7.0,1.44,4.4,6.5,1.44,4.8,7.73,1.4,4.52,6.47,1.65,2.2,1.57,2.41,1.65,2.41,1.58,2.29,-1.25,1.98,1.88,1.9,1.93,2.02,1.94,1.92,1.85,,,,,,,,,,,,,,,,,,,,,,,,,,,,,,,,,,,,,,,,,
SC3,2021-01-02,15:00:00,Albion Rvs,Queens Park,,,,,,,8.0,4.75,1.28,7.75,4.75,1.3,8.75,5.0,1.3,11.15,5.32,1.28,9.5,5.0,1.27,9.5,5.0,1.29,11.15,5.55,1.3,8.96,5.06,1.28,1.6,2.3,1.57,2.41,1.62,2.42,1.57,2.3,1.5,1.93,1.93,1.98,1.85,1.98,1.95,1.89,1.88,,,,,,,,,,,,,,,,,,,,,,,,,,,,,,,,,,,,,,,,,
SC3,2021-01-02,15:00:00,Brechin,Elgin,,,,,,,8.0,5.25,1.25,8.25,5.25,1.25,8.75,5.5,1.27,9.52,5.82,1.27,9.5,5.0,1.27,9.0,5.25,1.29,10.0,5.95,1.3,8.88,5.43,1.26,1.44,2.7,1.43,2.76,1.5,2.77,1.44,2.64,1.5,2.02,1.83,2.07,1.75,2.08,1.89,2.0,1.78,,,,,,,,,,,,,,,,,,,,,,,,,,,,,,,,,,,,,,,,,
SC3,2021-01-02,15:00:00,Cowdenbeath,Edinburgh City,,,,,,,4.0,3.8,1.66,3.4,3.7,1.83,3.95,3.7,1.75,4.17,4.09,1.76,4.0,3.8,1.73,4.33,3.7,1.73,4.5,4.09,1.83,3.99,3.79,1.75,1.8,2.0,1.72,2.12,1.85,2.12,1.73,2.03,0.75,1.83,1.98,1.85,1.99,1.87,2.0,1.81,1.96,,,,,,,,,,,,,,,,,,,,,,,,,,,,,,,,,,,,,,,,,
SC3,2021-01-02,15:00:00,Stenhousemuir,Stirling,,,,,,,2.9,3.75,2.05,3.1,3.5,2.0,3.1,3.25,2.15,3.18,3.84,2.1,3.1,3.3,2.15,3.2,3.5,2.1,3.25,3.84,2.15,3.12,3.52,2.08,1.72,2.07,1.72,2.12,1.8,2.12,1.71,2.05,0.25,2.0,1.85,2.0,1.84,2.0,1.88,1.94,1.83,,,,,,,,,,,,,,,,,,,,,,,,,,,,,,,,,,,,,,,,,
SC3,2021-01-02,15:00:00,Stranraer,Annan Athletic,,,,,,,1.55,4.0,4.75,1.53,4.0,4.75,1.6,3.95,4.6,1.61,4.32,4.96,1.6,3.9,4.8,1.6,4.0,5.0,1.64,4.32,5.01,1.58,4.06,4.75,1.65,2.2,1.62,2.3,1.67,2.3,1.62,2.21,-1.0,2.1,1.77,2.08,1.76,2.1,1.82,2.02,1.76,,,,,,,,,,,,,,,,,,,,,,,,,,,,,,,,,,,,,,,,,
SP1,2021-01-02,13:00:00,Villarreal,Levante,,,,,,,1.65,3.8,5.5,1.62,3.9,5.75,1.63,3.8,5.25,1.65,3.98,6.06,1.63,3.8,5.8,1.62,4.0,5.25,1.7,4.18,6.06,1.64,3.92,5.49,1.72,2.1,1.72,2.23,1.79,2.23,1.71,2.15,-0.75,1.8,2.1,1.81,2.12,1.89,2.13,1.81,2.06,,,,,,,,,,,,,,,,,,,,,,,,,,,,,,,,,,,,,,,,,
SP1,2021-01-02,15:15:00,Betis,Sevilla,,,,,,,3.9,3.5,1.95,3.9,3.4,2.0,3.9,3.15,2.0,3.98,3.62,2.02,4.0,3.6,1.91,3.8,3.4,2.0,4.0,3.63,2.1,3.83,3.46,2.01,2.2,1.66,2.21,1.74,2.21,1.78,2.14,1.71,0.5,1.87,2.03,1.91,2.02,1.91,2.07,1.84,2.01,,,,,,,,,,,,,,,,,,,,,,,,,,,,,,,,,,,,,,,,,
SP1,2021-01-02,17:30:00,Getafe,Valladolid,,,,,,,1.95,3.1,4.5,2.0,3.2,4.2,2.0,2.9,4.4,2.04,3.23,4.5,2.0,3.1,4.33,2.0,3.1,4.33,2.1,3.25,4.57,2.01,3.12,4.32,3.0,1.4,2.87,1.46,3.0,1.48,2.77,1.43,-0.5,2.02,1.88,2.04,1.89,2.05,1.91,2.01,1.84,,,,,,,,,,,,,,,,,,,,,,,,,,,,,,,,,,,,,,,,,
SP1,2021-01-02,20:00:00,Real Madrid,Celta,,,,,,,1.44,4.75,6.5,1.44,4.75,6.0,1.53,4.3,6.0,1.5,4.92,6.36,1.47,4.75,6.0,1.45,4.6,6.5,1.53,5.25,6.6,1.49,4.75,6.12,1.57,2.37,1.6,2.47,1.64,2.55,1.57,2.4,-1.0,1.73,2.08,1.83,2.11,1.83,2.17,1.77,2.08,,,,,,,,,,,,,,,,,,,,,,,,,,,,,,,,,,,,,,,,,
SP1,2021-01-03,13:00:00,Ath Bilbao,Elche,,,,,,,1.5,3.8,8.0,1.5,4.0,7.5,1.53,3.65,7.25,1.54,4.01,8.0,1.53,3.75,7.5,1.5,3.8,7.0,1.61,4.15,8.0,1.53,3.89,7.28,2.3,1.61,2.43,1.62,2.43,1.67,2.33,1.6,-1.0,1.99,1.91,2.02,1.9,2.06,2.0,1.97,1.88,,,,,,,,,,,,,,,,,,,,,,,,,,,,,,,,,,,,,,,,,
SP1,2021-01-03,15:15:00,Alaves,Ath Madrid,,,,,,,7.0,3.75,1.53,6.5,3.9,1.57,6.5,3.5,1.6,7.19,3.81,1.6,7.0,3.75,1.55,6.5,3.75,1.55,7.25,4.01,1.63,6.7,3.76,1.58,2.2,1.66,2.34,1.66,2.34,1.74,2.25,1.64,1.0,1.82,2.08,1.83,2.11,1.85,2.11,1.8,2.05,,,,,,,,,,,,,,,,,,,,,,,,,,,,,,,,,,,,,,,,,
SP1,2021-01-03,17:30:00,Eibar,Granada,,,,,,,2.37,3.0,3.3,2.4,3.2,3.1,2.45,2.9,3.2,2.45,3.2,3.31,2.4,3.1,3.2,2.38,3.0,3.13,2.56,3.26,3.34,2.43,3.1,3.18,2.5,1.53,2.62,1.54,2.63,1.59,2.51,1.52,-0.25,2.05,1.85,2.08,1.85,2.16,1.9,2.06,1.82,,,,,,,,,,,,,,,,,,,,,,,,,,,,,,,,,,,,,,,,,
SP1,2021-01-03,17:30:00,Sociedad,Osasuna,,,,,,,1.53,4.0,6.5,1.55,4.1,6.25,1.6,3.75,6.0,1.57,4.25,6.55,1.55,4.0,6.5,1.55,3.9,5.75,1.64,4.5,6.65,1.57,4.07,6.05,1.9,1.9,2.0,1.91,2.01,1.95,1.93,1.87,-1.0,2.04,1.86,2.07,1.86,2.1,1.89,2.0,1.85,,,,,,,,,,,,,,,,,,,,,,,,,,,,,,,,,,,,,,,,,
SP1,2021-01-03,20:00:00,Huesca,Barcelona,,,,,,,6.5,4.75,1.44,6.5,4.6,1.48,7.0,4.6,1.45,6.52,4.75,1.51,6.5,4.5,1.47,6.0,4.75,1.44,7.0,5.0,1.53,6.38,4.7,1.47,1.53,2.5,1.56,2.57,1.56,2.6,1.52,2.49,1.25,1.86,2.04,1.87,2.06,1.92,2.06,1.85,2.0,,,,,,,,,,,,,,,,,,,,,,,,,,,,,,,,,,,,,,,,,
SP1,2021-01-04,20:00:00,Valencia,Cadiz,,,,,,,2.0,3.4,3.75,2.05,3.5,3.6,2.0,3.1,3.95,2.02,3.63,3.97,2.0,3.4,3.8,2.0,3.25,3.8,2.11,3.63,4.08,2.02,3.43,3.81,2.3,1.61,2.38,1.64,2.38,1.71,2.26,1.64,-0.5,2.02,1.88,2.02,1.91,2.13,1.91,2.02,1.83,,,,,,,,,,,,,,,,,,,,,,,,,,,,,,,,,,,,,,,,,
SP2,2021-01-02,13:00:00,Fuenlabrada,Leganes,,,,,,,3.1,2.8,2.6,2.9,2.8,2.75,3.0,2.75,2.65,3.13,2.9,2.71,3.0,2.7,2.7,3.1,2.8,2.63,3.13,2.93,2.82,3.0,2.8,2.65,3.1,1.36,3.02,1.4,3.1,1.44,2.91,1.39,0.0,2.05,1.8,2.1,1.81,2.16,1.86,2.05,1.79,,,,,,,,,,,,,,,,,,,,,,,,,,,,,,,,,,,,,,,,,
SP2,2021-01-02,15:00:00,Vallecano,Alcorcon,,,,,,,1.72,3.3,5.75,1.75,3.3,5.0,1.73,3.4,5.25,1.73,3.54,5.68,1.75,3.25,5.25,1.75,3.3,5.25,1.85,3.55,5.75,1.73,3.35,5.14,2.5,1.5,2.62,1.52,2.63,1.59,2.51,1.5,-0.75,1.98,1.88,2.0,1.89,2.17,1.92,2.0,1.84,,,,,,,,,,,,,,,,,,,,,,,,,,,,,,,,,,,,,,,,,
SP2,2021-01-02,17:15:00,Logrones,Mirandes,,,,,,,2.62,2.9,2.87,2.6,2.85,3.0,2.7,2.8,2.85,2.86,2.9,2.95,2.75,2.8,2.88,2.75,2.8,2.9,2.86,2.96,3.14,2.7,2.83,2.87,2.7,1.44,2.77,1.48,2.83,1.5,2.67,1.45,0.0,1.88,1.98,1.92,1.97,1.92,2.03,1.86,1.96,,,,,,,,,,,,,,,,,,,,,,,,,,,,,,,,,,,,,,,,,
SP2,2021-01-02,19:30:00,Cartagena,Zaragoza,,,,,,,2.5,2.9,3.1,2.6,2.85,3.0,2.55,2.9,2.95,2.67,2.98,3.1,2.6,2.88,3.0,2.6,2.9,3.0,2.7,3.08,3.13,2.57,2.9,2.97,2.5,1.5,2.58,1.53,2.66,1.54,2.5,1.51,0.0,1.77,2.1,1.81,2.1,1.86,2.13,1.78,2.06,,,,,,,,,,,,,,,,,,,,,,,,,,,,,,,,,,,,,,,,,
SP2,2021-01-03,13:00:00,Castellon,Tenerife,,,,,,,2.8,3.0,2.7,2.75,2.9,2.75,2.85,2.9,2.65,3.04,3.07,2.65,2.9,2.88,2.62,2.8,2.88,2.7,3.1,3.11,2.86,2.85,2.93,2.65,2.7,1.44,2.82,1.46,2.83,1.49,2.67,1.45,0.0,2.02,1.83,2.09,1.81,2.11,1.97,1.98,1.84,,,,,,,,,,,,,,,,,,,,,,,,,,,,,,,,,,,,,,,,,
SP2,2021-01-03,15:00:00,Las Palmas,Espanol,,,,,,,4.75,3.0,1.9,4.6,3.0,1.91,4.5,3.1,1.9,5.01,3.23,1.9,4.75,3.1,1.85,4.33,3.25,1.85,5.05,3.45,1.95,4.54,3.13,1.88,2.25,1.61,2.32,1.65,2.35,1.71,2.24,1.62,0.5,1.95,1.9,1.99,1.9,2.01,1.95,1.92,1.88,,,,,,,,,,,,,,,,,,,,,,,,,,,,,,,,,,,,,,,,,
SP2,2021-01-03,17:15:00,Albacete,Malaga,,,,,,,2.62,2.8,3.0,2.7,2.8,2.9,2.65,2.8,2.9,2.77,2.88,3.08,2.7,2.75,3.0,2.63,2.8,2.9,2.81,2.96,3.08,2.67,2.81,2.93,2.87,1.4,3.0,1.41,3.05,1.44,2.85,1.4,0.0,1.83,2.02,1.84,2.05,1.92,2.07,1.83,1.99,,,,,,,,,,,,,,,,,,,,,,,,,,,,,,,,,,,,,,,,,
SP2,2021-01-03,19:30:00,Almeria,Ponferradina,,,,,,,1.83,3.1,5.0,1.78,3.25,5.0,1.9,3.05,4.8,1.93,3.13,5.1,1.88,3.1,4.6,1.83,3.13,4.6,1.95,3.31,5.38,1.87,3.1,4.67,2.4,1.53,2.51,1.56,2.61,1.58,2.45,1.52,-0.5,1.88,1.98,1.93,1.96,1.94,2.08,1.87,1.94,,,,,,,,,,,,,,,,,,,,,,,,,,,,,,,,,,,,,,,,,
SP2,2021-01-03,20:00:00,Oviedo,Mallorca,,,,,,,3.1,3.0,2.45,3.2,2.9,2.4,3.05,2.85,2.55,3.17,2.95,2.64,3.1,2.8,2.55,3.13,3.0,2.38,3.29,3.09,2.64,3.06,2.89,2.5,2.6,1.47,2.72,1.49,2.76,1.52,2.62,1.46,0.0,2.13,1.75,2.14,1.78,2.28,1.78,2.13,1.72,,,,,,,,,,,,,,,,,,,,,,,,,,,,,,,,,,,,,,,,,
SP2,2021-01-04,17:30:00,Girona,Sabadell,,,,,,,1.7,3.3,5.75,1.72,3.3,5.25,1.75,3.3,5.25,1.77,3.48,5.45,1.73,3.25,5.5,1.73,3.2,5.25,1.79,3.52,5.83,1.73,3.32,5.16,2.4,1.53,2.54,1.55,2.64,1.56,2.48,1.51,-0.75,2.02,1.83,2.06,1.84,2.08,1.92,2.0,1.83,,,,,,,,,,,,,,,,,,,,,,,,,,,,,,,,,,,,,,,,,
SP2,2021-01-04,20:00:00,Lugo,Sp Gijon,,,,,,,2.75,2.87,2.87,2.35,2.9,3.3,2.5,2.8,3.25,2.56,2.93,3.33,2.5,2.75,3.25,2.5,2.75,3.13,2.6,3.0,3.43,2.45,2.81,3.23,2.7,1.44,3.05,1.4,3.15,1.47,2.93,1.38,-0.25,2.3,1.6,2.14,1.78,2.17,1.83,2.07,1.77,,,,,,,,,,,,,,,,,,,,,,,,,,,,,,,,,,,,,,,,,
T1,2021-01-02,10:30:00,Erzurum BB,Gaziantep,,,,,,,3.8,3.0,2.15,3.3,3.0,2.3,3.4,3.15,2.2,3.49,3.21,2.27,3.3,3.1,2.25,3.25,3.25,2.25,3.8,3.3,2.49,3.38,3.12,2.24,2.1,1.7,2.14,1.74,2.25,1.76,2.15,1.69,0.25,1.95,1.9,1.94,1.93,1.99,2.1,1.9,1.95,,,,,,,,,,,,,,,,,,,,,,,,,,,,,,,,,,,,,,,,,
T1,2021-01-02,10:30:00,Sivasspor,Denizlispor,,,,,,,1.72,3.5,4.75,1.75,3.6,4.6,1.77,3.55,4.55,1.81,3.59,4.77,1.78,3.5,4.5,1.8,3.6,4.4,1.85,3.76,4.94,1.78,3.54,4.53,2.0,1.8,2.0,1.85,2.09,1.87,2.01,1.8,-0.5,1.77,2.02,1.8,2.07,1.85,2.14,1.8,2.05,,,,,,,,,,,,,,,,,,,,,,,,,,,,,,,,,,,,,,,,,
T1,2021-01-02,13:00:00,Alanyaspor,Buyuksehyr,,,,,,,2.37,3.5,2.8,2.4,3.5,2.75,2.35,3.55,2.8,2.35,3.67,2.93,2.35,3.5,2.8,2.4,3.5,2.8,2.44,3.72,2.97,2.36,3.54,2.8,1.72,2.07,1.73,2.15,1.81,2.2,1.73,2.11,0.0,1.73,2.08,1.74,2.16,1.84,2.2,1.76,2.09,,,,,,,,,,,,,,,,,,,,,,,,,,,,,,,,,,,,,,,,,
T1,2021-01-02,13:00:00,Ankaragucu,Yeni Malatyaspor,,,,,,,2.37,3.2,3.0,2.4,3.2,2.95,2.45,3.15,2.9,2.6,3.18,2.95,2.45,3.2,2.88,2.45,3.25,2.88,2.63,3.42,3.0,2.48,3.19,2.88,2.1,1.7,2.15,1.72,2.17,1.78,2.1,1.73,0.0,1.8,2.05,1.82,2.07,1.85,2.12,1.78,2.07,,,,,,,,,,,,,,,,,,,,,,,,,,,,,,,,,,,,,,,,,
T1,2021-01-02,16:00:00,Galatasaray,Antalyaspor,,,,,,,1.4,4.5,7.5,1.4,4.75,7.0,1.45,4.65,6.5,1.42,4.81,7.51,1.4,4.5,7.5,1.44,4.6,7.0,1.48,4.95,7.8,1.42,4.67,6.88,1.61,2.25,1.63,2.33,1.67,2.37,1.61,2.29,-1.25,1.98,1.88,2.0,1.88,2.03,1.96,1.96,1.88,,,,,,,,,,,,,,,,,,,,,,,,,,,,,,,,,,,,,,,,,
T1,2021-01-02,16:00:00,Hatayspor,Konyaspor,,,,,,,2.2,3.0,3.5,2.3,3.1,3.2,2.25,3.15,3.3,2.32,3.17,3.42,2.25,3.1,3.25,2.3,3.2,3.2,2.44,3.3,3.52,2.28,3.13,3.27,2.35,1.57,2.42,1.58,2.46,1.62,2.37,1.57,-0.25,1.95,1.9,1.97,1.9,2.06,1.97,1.97,1.87,,,,,,,,,,,,,,,,,,,,,,,,,,,,,,,,,,,,,,,,,
T1,2021-01-03,10:30:00,Rizespor,Genclerbirligi,,,,,,,2.1,3.4,3.4,2.1,3.3,3.4,2.1,3.5,3.35,2.13,3.52,3.5,2.15,3.3,3.3,2.15,3.4,3.3,2.19,3.62,3.55,2.1,3.43,3.36,1.95,1.85,1.93,1.92,2.03,1.95,1.92,1.87,-0.25,1.85,2.0,1.84,2.04,1.92,2.06,1.84,2.0,,,,,,,,,,,,,,,,,,,,,,,,,,,,,,,,,,,,,,,,,
T1,2021-01-03,13:00:00,Karagumruk,Trabzonspor,,,,,,,2.55,3.3,2.7,2.45,3.4,2.75,2.5,3.4,2.75,2.49,3.5,2.84,2.5,3.3,2.7,2.55,3.4,2.7,2.62,3.61,2.91,2.49,3.4,2.7,1.9,1.95,1.89,1.95,1.95,2.04,1.86,1.93,0.0,1.85,2.0,1.81,2.07,1.95,2.1,1.85,1.99,,,,,,,,,,,,,,,,,,,,,,,,,,,,,,,,,,,,,,,,,
T1,2021-01-03,16:00:00,Kayserispor,Besiktas,,,,,,,5.0,4.2,1.6,4.75,4.1,1.62,4.95,4.3,1.6,4.83,4.38,1.56,4.8,4.0,1.63,4.8,4.33,1.6,5.25,4.54,1.64,4.85,4.29,1.58,1.5,2.5,1.53,2.44,1.55,2.67,1.5,2.51,1.0,1.85,2.0,1.84,1.94,1.9,2.08,1.84,1.98,,,,,,,,,,,,,,,,,,,,,,,,,,,,,,,,,,,,,,,,,
T1,2021-01-04,16:00:00,Kasimpasa,Fenerbahce,,,,,,,3.5,3.75,2.0,3.5,3.7,1.95,3.45,3.8,1.97,3.61,3.88,1.98,3.3,3.7,2.0,3.3,3.8,2.05,3.73,4.07,2.07,3.43,3.8,1.96,1.53,2.4,1.51,2.61,1.55,2.63,1.51,2.5,0.5,1.88,1.98,1.89,1.98,1.94,2.09,1.86,1.97,,,,,,,,,,,,,,,,,,,,,,,,,,,,,,,,,,,,,,,,,
